{
	"partitions" : [
		{
			"name" : "Top",
			"pins" : [
				{
					"name" : "output_display[0]",
					"strict" : false
				},
				{
					"name" : "output_display[1]",
					"strict" : false
				},
				{
					"name" : "output_display[2]",
					"strict" : false
				},
				{
					"name" : "output_display[3]",
					"strict" : false
				},
				{
					"name" : "output_display[4]",
					"strict" : false
				},
				{
					"name" : "output_display[5]",
					"strict" : false
				},
				{
					"name" : "output_display[6]",
					"strict" : false
				},
				{
					"name" : "output_display[7]",
					"strict" : false
				},
				{
					"name" : "output_display[8]",
					"strict" : false
				},
				{
					"name" : "output_display[9]",
					"strict" : false
				},
				{
					"name" : "output_display[10]",
					"strict" : false
				},
				{
					"name" : "output_display[11]",
					"strict" : false
				},
				{
					"name" : "output_display[12]",
					"strict" : false
				},
				{
					"name" : "output_display[13]",
					"strict" : false
				},
				{
					"name" : "output_display[14]",
					"strict" : false
				},
				{
					"name" : "output_display[15]",
					"strict" : false
				},
				{
					"name" : "output_display[16]",
					"strict" : false
				},
				{
					"name" : "output_display[17]",
					"strict" : false
				},
				{
					"name" : "output_display[18]",
					"strict" : false
				},
				{
					"name" : "output_display[19]",
					"strict" : false
				},
				{
					"name" : "output_display[20]",
					"strict" : false
				},
				{
					"name" : "output_display[21]",
					"strict" : false
				},
				{
					"name" : "DIN2[3]",
					"strict" : false
				},
				{
					"name" : "DIN1[7]",
					"strict" : false
				},
				{
					"name" : "DIN1[6]",
					"strict" : false
				},
				{
					"name" : "DIN1[5]",
					"strict" : false
				},
				{
					"name" : "DIN1[4]",
					"strict" : false
				},
				{
					"name" : "DIN1[3]",
					"strict" : false
				},
				{
					"name" : "DIN2[2]",
					"strict" : false
				},
				{
					"name" : "DIN1[2]",
					"strict" : false
				},
				{
					"name" : "DIN2[1]",
					"strict" : false
				},
				{
					"name" : "DIN1[1]",
					"strict" : false
				},
				{
					"name" : "DIN2[0]",
					"strict" : false
				},
				{
					"name" : "DIN1[0]",
					"strict" : false
				},
				{
					"name" : "operation[0]",
					"strict" : false
				},
				{
					"name" : "operation[1]",
					"strict" : false
				}
			]
		}
	]
}